id,V1,V2,V3,V4,V5,V6,V7,V8,V9,V10,V11,V12,V13,V14,V15,V16,V17,V18,V19,V20,V21,V22,V23,V24,V25,V26,V27,V28,Amount,Class
559725,-0.0667517256160094,-0.111797328879183,-0.6861379720264644,0.1400096078653332,0.0339070311596,0.3671431581662447,-0.4216663901996596,0.0101668441656416,-0.1335364582886669,-0.7370011191904727,0.4850089796178283,-0.7947113825632129,-1.2207499413878362,-0.7904950551282407,0.6595008441085024,-1.112452822111892,-0.7274974830163373,-1.2845248829364957,-0.3875033238915426,0.0709184693025179,0.0571569980637818,0.3098443480067098,0.0076201079261912,-0.8830830134993216,0.4111456143596756,0.1700066920905825,0.8906247803071782,0.0426540486582288,23854.76,1
362616,-0.341064775254447,-0.019538851180408,0.1834747607947426,0.4523054807255826,0.2433866659040588,-0.4159667032557896,-0.2368875825555595,-0.0510808539073831,-0.2061276748364674,-0.2813418283666673,-0.2047041448400653,-0.683357027538879,-1.8700093573876129,-0.5756591488346329,-1.1811572038347578,-0.4972492447651795,-0.5673074160605172,-0.5871593891064693,-0.6710592832680407,-0.1070352952655116,0.0031972456225505,-0.2435451656783732,-0.8687664466409152,0.6005173062863043,0.0296713633267429,-0.2205545350252365,0.4433587284860222,0.4959454738838507,2745.33,1
172343,0.1037617147709167,-0.247426492578844,1.2542703597881522,-0.1604232683986745,0.4044053829011521,0.6095336546909749,0.638827531381072,-0.1328997991084211,0.6122523933084574,0.4089426819395775,-2.02696893312312,0.8286773263740758,0.1487749190991226,0.5423127899116025,-1.014906318927324,0.0536803131954964,0.5002037240686441,-0.0018927196018752,0.827568641463174,-0.1290362807039788,-0.2686068092444995,-0.85829846462993,0.1607586628894852,-0.8249434838906364,-1.2588488160415396,-2.6180727391575203,0.0699816462905215,0.4159668496331861,15345.45,0
235985,1.7867547232555616,-0.2653734774232174,-0.2195741938828194,-0.0938997973089468,0.7271217555858517,0.0691203956864523,0.5425493524011158,-0.1791515991595132,0.7649065258574934,0.352924355895585,-1.3025082598980795,0.1199602900580979,-1.2728769807264544,0.0807049867686086,0.8381744713111978,1.256270694685533,0.8640201439940051,1.0323976246993312,-0.5246768410394634,-0.4022865066812622,-0.2773534646877059,-1.0900700497987812,0.2103481521931935,-0.3705592509317497,-0.1286629448620899,-2.4024177226872867,-0.2142973619408193,-0.084112957452367,5277.24,0
82202,0.1133546957777449,-0.1757938778131553,1.470323529568207,-0.4024506797995778,0.3578342785490981,-0.0247367518926165,0.8596799703179754,-0.2292992069665572,0.2905389324732961,0.5174123120143701,-0.974730661350802,0.3674644096640687,-0.4962161850506169,0.7933749383053202,0.9023980751890996,0.406665661218243,0.2944091317675688,0.3494421918199312,-0.4126618108146876,-0.1659803567372727,-0.0809928225851079,0.2171507152021794,-0.2560066883324863,0.7971038851848024,0.2707696428744517,-0.9607557949510525,-0.3869647672927175,-0.5753897095665566,15556.17,0
541208,-0.8765171099205709,0.4518466012815944,-0.638767796292488,0.8266242643191795,-0.5931940479922314,-0.2672342491417215,-0.5627612229014242,0.1159080100125028,-0.6708992308790296,-0.533196949020868,0.6120812174630922,-1.013043226520468,0.276235894645713,-0.9935588925386464,0.3926322016183335,-1.0974913476712678,-1.2264564249713872,-1.1808462986853854,0.4902403585129102,-0.4389071008039217,0.4104112953681883,0.2165769702092292,0.0555489465409497,1.129512077507994,-0.5074904080046294,-0.6133891109784922,-0.8072666190030563,2.333669725089681,16715.34,1
116589,-0.0223656608136269,-0.201709555099148,2.153552976660564,-0.0805724904138954,0.3309784889164214,0.9622009082427028,0.4538479471481882,-0.0426099566802501,0.2329219074470173,0.6275243806919636,-0.8808962217668393,0.5399451706577264,-0.7823831404213885,0.5872549819038828,-1.525199139615505,1.4881114448450348,0.1234938336370612,0.9236426296832512,-0.8912161731694335,-0.3542079955159287,-0.090884857779094,0.0339335694680269,-0.1755958549702782,-0.9183632824742142,-0.7403788986432073,-0.5108528156973692,-0.0627543390741923,0.2554523623016178,22692.59,0
168249,-0.2283472839819783,-0.6905759736138164,0.5907586911758185,-1.2673779034081576,0.1094858243773613,1.3999934903642803,0.3873940749625438,0.0843074312619783,-0.0105932139007474,0.548834809072771,-0.4987436370948724,0.8190865009001073,0.0142482670338031,0.9379452356590936,0.4796912819954635,-0.3456798142951559,0.5687531537629268,1.5505839072477,-1.4253914132993717,-0.1524571437644335,0.0175719906702113,1.0413077386017098,0.2952897350507579,-2.5715027767441105,-0.5951795403257824,0.2125897963421909,0.1543479146431099,0.1907260316267171,17333.51,0
469157,-2.2418533210560767,3.121245304017663,-2.1099507436194465,1.5368808535255083,-2.3872272749120356,0.3025377691525328,-3.1779664547764854,-2.6560079114179276,-2.774953245552118,-2.7738967008002913,1.0817665892145387,-1.5497088570558055,-1.4120247289328047,-0.5021343864161997,-2.545078649291804,-1.6145358483872008,-1.7150365293462615,-1.866688630668645,-0.1555976950283743,3.572474542926245,-4.455786821149725,4.350708414120716,1.685301133867983,0.760473073039303,0.3078107107453146,-1.366124858578165,-3.4627212909180054,-1.2917286533808467,18199.36,1
125038,1.0459149529309746,-0.4526494314632696,0.5944276257517078,-0.662648996511118,0.111933489039215,0.1321892377307371,0.3858441965021491,-0.1689279831302797,0.4766314726356777,0.6171771437788305,-0.04998097885254,1.284185209689969,0.2898929277029409,0.9097012894126388,0.361665775826873,0.8381976694293192,0.2416898822481596,0.5008631987742126,0.0679814564457732,-0.1971894079015266,-0.0648941348247618,0.2317069379068537,-0.153685185083703,0.2197292446454508,0.6151997841311938,2.184135045830619,-0.3335669997873738,-0.1276135421554091,326.18,0
435393,-1.1136898093534586,0.8663645683292568,-1.1335605194672629,1.4180069516346718,-1.3452767677335802,-1.3724056669970353,-1.4094204993442798,0.9161610262648578,-2.000198038779926,-1.7302826879169977,1.56970564414839,-1.6877121802589945,0.5429967989191834,-1.6012971902347015,-0.3725758089772878,-2.0263147170798663,-2.3858886195769395,-2.3769273981579304,1.356988648738488,0.3757163472846883,0.6993724468955429,0.0608617628084874,0.1677377696862456,1.242770134321061,1.173142132224537,0.1939862682454492,1.6593390777539363,-0.0409536066696294,10220.96,1
514525,-0.8286878571490458,0.0211882272599061,-0.5121013447948288,0.447260614913592,0.1197707594679544,-0.7330334395102213,-0.3235012058089971,-0.2892009602509518,1.0449960364990147,-0.3637763160781802,0.7066230461654472,-1.1139344058546548,-1.767328570570995,-1.4398630807528408,-1.343253457217375,-1.244682568389576,-1.0945905529884348,-1.2189911639664954,0.4923896925205518,-0.3768437589886225,-0.1271701188100833,-0.7289964294197044,-0.5821731568100365,-0.5639464202314474,-0.103382371593207,-2.9178020746013016,-1.8281056167303096,1.627893907530568,8780.86,1
550971,-1.0281686312537404,0.4630496113817063,-0.9716873740631788,1.053088327449292,-1.1527016771086585,-0.6762470840556575,-0.8029936967289876,0.6845948574423267,-1.4314990831925682,-1.320750960376236,1.276898247777579,-1.2690992507402097,-0.3443837545843546,-1.2511617068118466,0.4086223516659406,-1.3468416339300358,-1.5294714944054917,-1.3839452935307155,0.9806753843477378,0.567951401305079,0.4297741705174832,-0.5641490571742503,0.5233576695161181,0.6494624277655341,0.3141689146313392,-0.6504451677515728,0.6737045936666393,-0.3127323280433596,5659.61,1
253876,0.2448678121858546,-0.2421120065288201,1.7892712553854395,-0.1903101309668779,0.1408214054338017,0.4891460702402181,0.5292830502604104,-0.2083454636532938,0.5684345218107562,0.5967840395628183,-1.0482172535674603,0.7090285578600382,1.01580256070827,0.5241427194590578,2.42355014434032,-0.0539907545321807,0.5484583974790433,0.850348493862878,1.678126374584964,0.2189657690234437,0.0216026790673902,1.351918688476598,-0.375688034022735,0.3053199414454925,-0.4664126837732594,0.635937478356149,-0.1565844459870667,-0.2429476270413228,18298.86,0
412071,-0.6762243923834325,0.8208343715490133,-0.984568089529361,1.2037033215682018,-0.3716948839342697,-0.9165958649799624,-0.7064986989246708,0.3210749718736547,-0.990600311585254,-1.0746444576188543,1.651931646416652,-1.3988236178084663,2.369508302693809,-1.214822424399726,-0.4592746633754413,-1.4115056731232518,-1.110398804786845,-0.8689622472592952,2.0517731429840533,0.4633773729354506,0.3908766122832037,0.7822269035281799,-0.2421119286682286,-0.7038306232542112,0.2594899761719036,0.4373076734827222,-0.1203578776305717,-0.8008996188199852,16564.77,1
332846,-0.9313373216444336,0.5687269271895377,-0.503233947006085,-0.4463294804057149,-0.217693600879805,1.199480914230083,-0.2960021452446889,-1.5624112461422497,1.0621587213025674,-0.3993209558905859,0.7513135174626008,-0.7508788949844319,0.7450207910475974,-0.4371591889456423,-1.1134700092678969,-0.2298513760609985,-0.1993281321921066,0.3927336228228194,0.0922035127531934,-3.177140255326487,2.4467141990117716,-2.160403684402867,1.1088672729377582,-0.2146714540335703,0.6340457730477428,-0.555791318979097,0.5973924832464512,1.0661313680747226,15498.23,1
276898,1.6035136610418497,-0.4611593227540653,-0.0885592904018424,-0.1259680584515343,0.506330053199344,0.1147803000819334,0.6785237645141502,-0.2143829339831514,0.4558278703572544,0.7779432204863215,-0.3543624267042232,1.473310375070991,-0.0607404092995123,1.158592611770929,-1.2337706651694629,0.2278897726587307,0.2907463202802161,0.2773411868800348,-0.0734056933233571,-0.2905756471643079,-0.0532080322278568,0.3350987868679735,-0.1445585036995438,-0.6501772263197712,0.6653031873491141,-1.2233851513124163,-0.2736623750891604,-0.2517246212976103,23026.98,0
452022,-1.816187457728226,1.8868496278570892,-1.9240470198083652,1.3141514339065985,-2.112678242509314,-2.5067245672746328,-1.8212926306015085,2.6175613329007663,-0.9879281804826076,-1.743915824809388,1.6877341767243066,-1.6357565172003106,1.1791210880262375,-1.323700353185974,-0.7829431471096978,-1.5907531083334434,-1.6220430975574958,-1.5331097012762094,0.891380919024692,0.2868561746950026,0.6706362260755068,-0.5620443010208241,-0.6682293177212255,0.3968672605689028,0.9105428661050602,-0.4060248298224386,-0.0081521388710028,0.0727895927151315,23914.4,1
440039,-2.015449083062491,2.6023434506100696,-1.924905668021943,2.2489056029830303,-2.3610138603133692,0.266041316843579,-2.7976669672212457,-1.0973979363809845,-2.5388838140985555,-2.309768883763203,1.2406291092541473,-1.6914834713434193,-0.1206593909971592,-0.9335124210032268,-1.1936487993568123,-1.6594126347567184,-1.78657235404624,-1.7964491629090034,1.174490562913505,2.07274668328147,-2.0644719785223975,2.899858334520708,1.676720239381051,0.8821013528386488,-0.6216888051318603,0.776039901659121,-2.864948470955079,-1.489650196402259,16001.38,1
399143,-0.5192875182401631,-0.3885700156096218,-0.427103148282706,0.3490000966492653,-0.9612632560530138,0.7058237007924492,0.2194650646024021,0.1341178022235853,-0.2170669151035776,-0.7989479611195041,0.8845626554450325,-0.4730933469096424,0.7950233601416062,-0.744061121169077,-0.147565673110019,-0.9297224360443426,-0.5575705285718526,-0.2626576147692642,1.8958771117111008,1.785564435649624,0.3463103407547059,0.5979470932710227,1.7614650086123196,0.535200938312239,0.5079052160858273,-0.3702922276231097,0.1113247815840431,0.4119823468035758,3500.1,1
114752,0.9586506979986212,-0.3992019721960611,0.7988158801166563,-0.4060505702126912,0.1215135224693005,0.2877456281399442,0.3880589012131527,-0.1333456114648948,0.3858581115034204,0.627497569753088,0.2213463960067515,1.54780197510847,-0.051692308411152,1.038599750531512,0.6635426773395233,0.5687797069758702,0.3467220826385918,0.0113188457410656,-0.4438155274489986,-0.3071689521312607,-0.171317088959701,-0.4910858095642385,0.1631248943621995,0.4524678882433759,0.0417829129144254,0.2290078773814692,-0.2583820555243091,-0.0835433336440405,15202.29,0
489983,-0.292179554537916,0.2366777282675811,-0.0267757964003492,0.1170789874595909,-0.0872161373463421,-0.1936891528727976,-0.1018210065630293,-0.1828458236881378,-0.3034529589420477,-0.2582708095560939,0.6923064488516653,-0.5117632795558192,-0.7679404797956296,-0.5284439694432422,0.5770649349208581,-0.590641474027166,-0.5729199794354851,-0.2735092126663774,0.603268922365586,0.0186789984201733,0.3594527409413537,0.0594656037361321,-0.0412351980437523,0.4102300137376407,-0.2639407795713912,-0.6771809359548265,-0.1909879594839382,-0.4675477002693879,8587.04,1
409728,0.7917427134276178,-0.5999443085222862,-0.2517026906965416,-0.2014622907076999,0.1484371778359191,-0.2732551148678484,0.5924183334728677,-0.2157843129271406,1.009393587784672,-0.0170418496301429,-0.4179945539708366,0.519880538721509,0.5685161070101441,-0.2920332261210586,0.910642089047028,0.580766767476659,0.922496539331317,0.9663050496571152,-0.5307192071636955,0.3362283668866387,-0.0565904311586191,-0.1805154795281923,-0.1959817524332469,-0.5095800930239917,-0.1514918218260627,-1.476258872008779,-0.1868011366726397,-0.02162031485862,13179.13,1
567189,-1.8560417829044376,1.4763776192742428,-1.8853112097765623,2.221234644871199,-1.3109563419363708,-0.8864015474859778,-1.9314702238213657,-0.3127497935101818,-2.168600325852709,-2.0401716057570005,2.219114103384254,-1.7782779897709478,0.4240172943215171,-1.7444618221233024,-0.4104248775608888,-1.5472625920718337,-1.4372448256603996,-1.460220581056486,0.2864707015225718,0.9249319558453428,-1.1756799414037806,0.6496905773805062,-0.436578197835238,-1.6008367783926336,1.579735233859185,1.6570316040119524,3.294743201290121,-2.9657960092280407,14902.07,1
399952,-0.6229361306800767,-0.018523359890204,-0.3892322279865128,-0.5162739575889684,-0.5606087601431612,-0.0743329723995441,0.29955734714553,-0.1911841787399156,0.4473376783064609,-0.2933458788071047,0.3699919774239223,-0.5601621925208816,-0.8081266527285268,-0.538736075323109,2.2743861373464513,-0.7175020882963237,-0.479996703064501,-0.7718379134060239,0.8956306842833539,-0.7827347186694191,0.0079729026045126,-0.4116436400135002,-0.197988293796802,0.3411167749899575,-1.8393331805950597,-2.720784567088295,-0.7960453218128051,0.2459256819349447,23624.2,1
304807,-0.0701688454862742,0.3478678679438615,-0.362817922228242,0.6195269646409495,0.5454033915803875,-0.2909844888445755,0.3563697514999087,-0.0541451577230165,-0.6430177882901085,-0.1353414037546227,-0.1828830372519555,-0.4032551237063592,0.2054119690058407,-0.5786433972269571,0.4230286670380454,-0.2003248624873013,0.2204569112256651,0.2820979090069469,0.4915941693641042,0.1738785202565744,0.0148526445784444,0.0818745712226557,-0.0599965961514535,-1.0463841811379,-0.3809652673617539,-0.0001052043875244,0.3536401508106129,0.6059480678662199,13067.72,1
256336,0.1208107986866791,-0.171235659051527,0.5149936166214835,-0.4443427267495751,0.7279531729829187,-0.1765765018669857,1.0316762658607703,-0.2118292582094013,0.222539507373501,0.4024910895191282,-1.5951422824451478,0.3805646845286768,-1.0508538934791585,1.0467914370602802,-0.8848154373166567,0.1295852176767233,0.3832148431930188,0.0571127350227363,-0.5896146010146294,-0.3861604834148744,-0.0676682452789709,0.2231727030929449,-0.344551926324548,-0.0305948069138757,1.1067015190023668,-1.1864750774793194,-0.2749076757884723,-0.1854384102050555,11124.64,0
508035,0.2620014438697589,-0.9329928350070704,-0.1400982228194696,0.7281112858076504,0.1725257601235783,0.1788075977028172,1.09812486551656,-0.2611517391948947,0.0300058233345528,0.6241280239313285,-0.7576767744241459,0.5381915256333561,0.6695226383004783,0.0257168084705422,-0.424383594368432,1.543257242501155,0.8043255880253573,0.6634180227691963,-1.8886431190079076,0.6696564456962883,-0.0005526902835954,-0.2934467034073253,-0.360029731535365,0.2960303734076671,-0.97478683401114,-0.6096153261195051,-0.228058322806819,0.3320140486013217,2021.45,1
116181,-0.4611917998066496,-1.144438121060216,1.2518342522797148,-1.1779169809256052,2.6377584759127086,1.8367550124801784,-0.0386301481682369,0.1732438353132793,0.6880815499977924,0.2942394116144564,-1.1591222812262896,0.6675955521151143,-0.0560782505385548,0.5421635304728124,-0.2719692832484266,0.945261881641808,0.1854434581559912,0.5670871189464934,-0.4871450986184136,0.3993365654234377,-0.0724995024239927,-0.4634476927481932,0.0742723056335225,2.261502837982861,0.8176593602053597,0.5031820515917781,-0.2900338258804601,0.1451196256547358,15864.15,0
428473,0.4785844201199113,0.276352632452096,-0.7357085330500768,0.779388023970179,-0.4252452409229314,-0.8549003716103408,-0.5800283058186017,0.1399299476775539,0.1264299976729505,-0.7357327953853917,1.4386082215707106,-1.188959542068306,0.91373264830505,-0.9050332826494836,0.5775359913047691,-0.9197131302288626,-0.6926941119283928,-0.3103762123007801,1.544493578550974,0.3777741691312868,0.178064119485552,0.0819647895011076,0.664214716320434,0.1167237786182521,-2.925219940103714,0.7437672455011662,0.6960834445644166,0.2901595612731748,24009.21,1
449562,-0.3574226532562412,-1.619961883886064,-0.6539310196981948,0.5331414739312481,-0.3017527208121302,-0.1630377881586622,0.4637441967780473,-0.1788261268527904,-0.1513643564354533,-0.5017098909243735,0.4084798542244052,-0.3618680533935109,0.510647057942129,-0.6538888549372843,-0.5439234968773697,-0.5045680923729103,-0.3692058432276759,-0.2044025896820641,-0.2116220166649919,2.6921435351151337,0.3953212819842513,-0.3053653326381278,-1.421690471269801,-0.2142183224046579,0.5603120489951593,0.2574358822179132,0.0697732276291546,1.0612187476297306,5979.63,1
417547,-1.0736696905680778,0.707963588437609,-0.9621915720306864,0.9027850415769644,-0.7437208582542689,-0.4771098486571216,-0.7728040094864972,0.448330248776904,-1.0039093667351002,-0.6665626792276105,0.8292424081956724,-0.9409525173328396,0.7896088781664501,-0.9575427586450592,-0.1453820940287401,-1.1188716572830968,-1.1625774775641098,-1.125283520717719,1.0132868039939105,-0.9297828161777846,0.536817219082252,0.5954142159682763,0.0115272127508301,0.8338941813753449,-0.0330380633065705,0.7749106949316723,-1.6895372768051626,0.0792302335136785,6645.31,1
392542,-1.923407156966876,1.8705446495388085,-2.134896713830351,2.3451260190818144,-1.730856971342083,-1.097308837046216,-2.1429962418346125,0.1931296234245596,-1.9148540655785304,-1.8955560324722656,2.111147185101409,-1.696520135926064,0.9334321163299896,-1.6387415045350258,-0.4472156961087553,-1.478498760061335,-1.3556178198360431,-1.4295304697665094,0.295400618481326,0.8171209826838558,-1.1275378515685086,0.9366026548353756,1.2664464684981953,-1.7052083494603625,-0.129591152516815,1.3821517896531468,3.009297883969717,-3.5634041258931757,352.38,1
50970,0.9953056422788478,-0.3922023963527816,0.8119189130463424,-0.3846344353644688,0.0472852816473304,-0.0060127947443385,0.4039064799523533,-0.1593888675821896,0.4241174291806479,0.6526879141302383,0.1140386067783484,1.223442353903618,-0.4589161949981096,1.0779476639767018,0.4115200857035131,0.7964357748343108,0.2756961956477758,0.2997688012483914,-0.12991067771081,-0.3038405269676056,-0.1848044677075488,-0.6175730846717852,0.1386064773575708,1.088231324273289,0.1388008985508766,0.1662921461552146,-0.279855415385244,-0.0778306342094326,12198.75,0
172801,1.969088199611572,-1.0004993446758514,0.2629086630264077,-1.547971979825746,-0.1870156711137857,0.2893797275745096,0.0606851122930479,-0.1764872325077113,-0.0740202372136134,1.4000593825056842,-1.2968745059957891,0.4230124515513717,1.4367311888745706,0.363058472706124,-0.0071099571847998,0.3409525643431412,0.5345469619725661,0.1986101806857445,-0.3012422169994015,-0.4598386295336394,-0.2628002652572551,-0.6697019993876512,0.4451849798457528,1.3168416954863853,-0.966357179273742,-1.287743589591336,-0.2009272749572434,-0.1524123930473669,7887.32,0
357171,-0.3147437535552326,0.1692341860745391,-0.3685999763727797,0.2474165749463681,1.6012189606402494,-1.0750028343229605,-0.8904687613677246,-0.8939421035949922,-0.0269701198001873,-0.4198112815957244,-0.0266802553135819,-0.4873343189495286,-0.8939348121971538,-0.3918672299828723,0.054644849253993,-0.6350490502290024,-0.2699518427282263,-0.3868837298681473,0.3523392629805269,0.8575652040224537,-0.7701485047420299,0.1623060973861141,-4.249363369664247,1.197357597607044,-2.177875828749195,-1.5856092896211105,0.5836951456860685,0.8641629390099715,2787.17,1
341720,0.9638460657760894,0.3843766661441498,-0.5186226969406946,0.878384675114083,1.9316184056872936,-0.7535029855155589,1.2003659582302653,-0.2446969294612182,-0.6017713064387749,-0.0602277006667327,0.2325807797802752,-0.324675117182093,-1.2754437446996194,-0.9370617855556244,0.4044751469019186,2.897919758531702,4.480147409172358,3.0223297602661243,-2.9977496404405906,-0.2176429638974431,-0.1820788044366003,-0.4503561538505641,-0.5535382827830364,-1.1535845719358329,2.248948671636972,1.1611465846735003,-0.2284370771531147,0.285092013733947,14442.93,1
212896,0.1778408721740289,-0.3203736961662555,0.1450306860233483,-0.7457865238707139,0.9389486276992208,0.2419036152695573,0.6414874956877974,-0.1349779255957353,0.8513659756825139,0.3009849130927421,-2.0964224706233603,0.2053577739726241,-0.9437170699417862,0.2138811438844071,-0.8000813690600912,0.5790749081689915,0.6330761433766412,0.6694849762937954,-0.3187964432329928,-0.0834605158019087,-0.0773552723974456,0.2965448729702388,-0.0314924079460007,-0.1593180661878333,-0.9036289638958712,0.720361458786661,0.181615274572932,0.4039153138951238,14025.46,0
135361,0.9408802744581812,-0.3719415462238379,1.374972111749947,0.0582711886528805,-0.0523536577746846,0.1834480868585615,0.304888094478413,-0.1668057218486023,0.2816963551977812,0.8278600820105683,-0.6232385388965869,1.0867412859460983,1.439579201503237,0.5440557935828935,0.9408461465850836,1.2467644718242596,0.2479638308730662,0.1775036723402785,-1.25741180963433,-0.1482922015496145,-0.0292360682253719,0.4755949266213201,-0.0142328977862983,1.7682836952075964,0.1668983179326111,1.9996984608547337,-0.2827197171835998,-0.0303552316550707,11233.67,0
385923,0.9429430740607926,-0.0788657577959971,-0.0115915076501571,0.1423076268292674,0.6052902189093664,-0.1291644450190688,0.5332333599364487,-0.1518430241267851,0.6330451143526901,-0.0673309915748648,-0.1942951855675754,0.1983831632188488,-1.1947502784608173,-0.5772917490059889,0.5377529730527418,1.1639348312130966,2.672025568640285,1.417094102759138,-1.2139246706583489,-0.2797930768496116,-0.2612070845909273,-0.785084016711502,-0.1480479804422355,-0.5967706488671726,0.992487929751932,-0.7301499800728147,-0.1269554498016155,0.1932608989614282,1330.1,1
418632,-0.4750086355088497,0.5674847308981357,-0.509925597834366,1.0711973426586012,-0.599260648370005,-0.3263385073398206,-0.7660942783659733,0.2903819554165562,-1.4077107838268874,-0.8948475598509488,0.8354677868004216,-1.1859659841372847,1.571786812818578,-1.0848737085555995,0.8014008164214734,-1.484784580281327,-1.615523783671217,-1.57725403208644,1.7618059090127252,0.8875478799557811,0.4116645621856902,0.3384151828893678,-0.0952334361761337,-0.0002621176359387,-0.3637242156164786,0.5351620179043192,1.51752774497708,1.307372931840911,21001.13,1
241615,-0.0705049393967271,-0.1988617022981379,0.2481245425810086,-1.2068610223949106,0.7480104844555905,0.4565494707397566,0.6907662373210262,-0.1202176627982241,0.49568589971804,0.555605401789824,-1.1238949117163872,0.5216228017367606,-0.8743944505895018,1.0448075256677876,-0.9826101320575304,0.8027557940991142,0.1575035808104931,0.5088548105966775,0.3561163094930171,-0.4619034985380407,-0.1617971330674041,-0.518461518131994,-0.0526315341946968,-2.3174772780978814,-1.692925596452673,0.0941019199152204,-0.8235830403793628,-0.1617152226116087,4400.12,0
244755,-0.3688018622670346,0.1911749583294271,-0.1260996656950762,-0.9269499218385078,0.2413652113706168,-0.0831160033805638,0.3891015668388697,0.1064836746930191,0.5313897448872504,0.38689711792009,-1.574144145509748,0.8465980216908312,0.3470092468831379,0.5371843913285204,-0.3374367925036414,0.979691020471442,0.7255463758151115,0.2583309830591699,-0.3946784953342511,-0.2933184269438127,-0.2062594178214676,-0.8709713114313281,0.2819717866771353,0.7646064487735237,-0.4672680712743317,0.2468553769613956,-0.6301478784200132,0.0781559536548308,19402.61,0
312983,-1.37587035511881,1.246396826263514,-1.374319196671134,1.663102101115234,-1.7427939531198295,-0.8883888276675885,-1.5351505236270944,1.043769721098389,-2.2978187874842035,-1.8037749066717608,1.5008819162980176,-1.6351697150281788,0.914853962446067,-1.4946629591763598,0.485719801937291,-2.010174021612624,-2.252906815519956,-2.307945399878023,2.3891588028169095,0.2937017422656746,0.5851305711444271,-0.1190474185628173,-0.8758168281561532,1.3385907996306696,-0.6191093354245059,0.1527164196850993,0.4693381673932669,0.396910473036719,4039.49,1
25363,1.054494099709799,-0.7939816290985361,1.1420979498490302,-0.8923499964858596,-0.2333017675430634,0.4490596522034369,0.0716371314776163,-0.1056501847702877,0.5341290860770894,0.8268251448988962,-0.969289821320222,0.1529963578448515,-0.8275718000723659,0.4837532222689477,0.830277847731816,1.2068830220097928,0.6854771935694702,-0.3610208970133722,-0.1270235955327665,-0.1505812890956971,0.0286778698206911,0.9113883285191228,-0.1021504780028128,0.2500610797846293,0.4779112773724964,-0.0209974118592097,-0.1738801082993029,-0.0436122526337565,1273.43,0
122085,1.0886694226245683,-0.6750603210981514,0.8542067351535795,-0.974817782543888,-0.1218712297866898,0.1937091743815295,0.2237181899959432,-0.1858819968604027,0.102404096674381,0.878208734304255,-1.126286376186348,0.8778541492368578,1.818439175634463,0.5160959686480412,1.3433829612857453,0.0733442902918382,0.3046968172396771,1.2244463822819032,-0.856525797150753,-0.4549380195026874,-0.2950933724342525,-0.8407275814235663,0.0675856838555393,-0.117141204338034,-0.0840330381110742,1.77163141579463,-0.2727287844055677,-0.036482647892246,9966.68,0
216931,0.1752292429382242,-0.1429099202388411,0.0591281282783539,-1.3458053460584545,1.135960065675013,-0.0996690936003192,1.1742948751094062,-0.2387100698058537,0.2543264967835623,0.4038470101035484,-1.8398316557881709,0.5082154801344332,0.3780060581831667,1.0751417526784728,-0.1774047621342028,0.2303809978130939,0.2335126439076986,0.2255349912475797,-0.0852230103161221,-0.0867846596819489,-0.0172985821805162,0.6901680817737141,-0.2660070325533728,0.2182611470631481,-0.3460948755045575,0.2314963360120758,0.2302376185496959,0.5577734981003268,20420.72,0
562163,-0.9744193537823972,-2.6080787558937875,-0.7130481875192817,0.8788451341392385,1.667239921195319,-2.450703267932045,-0.5233593350792551,0.1411418811524995,-0.2804757071318645,-0.4619011003798843,0.1577001890561833,-0.3939906170114062,1.0305921107571083,-0.5833203187014957,-0.2841896947567277,-0.7211259154073654,-0.5096935613037472,-0.4221542997235522,0.5616212300213977,2.10574723381628,0.4127921171436762,-0.0522267881638489,0.7138177735853206,-0.5588192325564952,-1.3483558724676148,-1.4710417024480429,0.5152040893275511,-2.2197562347933464,4347.05,1
272226,-0.2813571048220978,0.0046402843877777,0.2530660784265442,-1.065999741763365,0.3962929852324859,0.0283804960962953,0.6118962486681525,-0.0323363043757425,0.2275232204957062,0.2496601951294653,-1.6861703095993694,0.7244233712275653,0.343996570282409,1.2997013444247347,0.3224538690589463,0.5041723574875341,0.3256680432970332,0.4823558906479902,-0.4386450475420135,-0.5549294096369863,0.0681474270776414,0.8063326971569105,-0.3727555392580374,1.335226250898587,0.3964995571871051,-0.455818685982262,-0.802777765932933,-0.0468906793819355,23638.52,0
33129,-0.6799908903059796,-2.277024281292284,1.0087774144128048,-0.3484236409178443,0.4435654139038794,0.6669763563476425,-0.2307886230267697,-0.6277696895892483,0.7367842694138198,0.0914522698746464,-0.0175463824422382,2.688040865149193,-0.2633641774840561,1.0455477856256112,-0.8352645422093818,0.4675507205009637,0.6339201892206008,-0.2379909552256449,-1.475957371209691,2.5584099088247996,-0.3673810025300543,-1.0611822161711608,-4.601423234867854,0.1568452601025254,-0.9301312732710983,1.52471065193415,-0.3118807651563196,1.092088820940686,11644.12,0
92678,-0.353385517271487,-2.180690261475217,-0.0330332896540863,0.5785447453099115,-0.1433141163976279,0.4907941040974562,1.6074574181654748,-0.2703616600701554,-0.2607361654978561,0.6858063737164648,-0.0165241895736995,1.1835554553991765,0.3667203948426645,1.4290841400595342,-0.3847399353148915,1.0003155499359169,0.2409004371448796,0.5195961916302474,-1.2000548419068229,2.5874735672528844,0.2637192344585394,-0.6896096204242055,-1.3925018505530633,0.8684805739806634,0.159652052310188,-0.2440152275945203,-0.5900864698182581,0.5359386934639494,23608.14,0
550185,-0.0298654771954745,-0.0741406905525304,1.7735065661100926,0.0276267950985497,0.4071178741701223,0.3217945329374677,0.5900312319027481,-0.1386576806344203,0.5464975905584218,0.50267280608601,-0.3815280464131702,-0.257727145083532,0.6653212178484962,1.227974923667798,-0.3156163407730987,1.0305332386150194,0.52574087319125,0.2430497190459686,-2.5615904745265468,-0.5111370428737061,-0.0654983361177897,0.2789210455008196,-0.0770495037587653,0.6299368054271064,-0.7042642182265979,-0.463106615748618,-0.3106598744451868,0.0714127441390974,502.67,1
178395,1.8359452870913493,-0.281276881328538,-0.4085492625697738,-0.4013962048723693,0.8962763453903253,-0.2080073266525088,0.6549621190436419,-0.1976901639489012,0.5468242807055836,0.2973800547389139,-0.0971309610096837,0.2181016007630323,-2.139959578943839,0.0207654630711893,-0.5257600467393314,1.0213398533827265,1.2711362325831288,1.565005815634965,-0.0730892322718768,-0.395129495211327,-0.1310860732449392,-0.1522197024536817,-0.1107638401820283,0.1486992646283603,0.5217199630335241,1.4373052878499943,-0.3479996108936988,-0.1765423983612515,17272.85,0
422422,-0.900813083019513,1.7647229649668692,-1.6647626421114037,2.059785709213973,-0.8844483653498912,-1.7182950155832637,-1.4685153610075394,1.227217075651055,-1.734718979512972,-1.7257129040102372,2.362654083644491,-1.882640355387274,0.4040432683311902,-1.9695398476627408,-0.4876126490333382,-1.7849092959051551,-1.5474742200377896,-1.4896132166031772,0.7164212285510321,1.2339858216208062,0.6387623486027311,0.1565293017049115,0.5795053769408178,-1.93680991656689,-0.7606770523241319,1.3418592228290651,2.0827762088259076,1.6330189454724908,9541.08,1
301875,-1.0412851148824882,0.8536865605191093,-1.0217389804614947,1.4677599856349288,-0.6028673628043207,-0.7295626066289644,-0.8817358225423424,0.6663519273440938,-1.3760244333867877,-1.138457271684977,1.5803314232448946,-1.3787905953811477,2.0682055636191876,-1.351683779344218,-0.299214747122644,-1.1097786458250831,-1.118378330018213,-0.7425548845792664,1.110962095633657,0.1515140734866876,0.3559267261018424,0.1162487267594507,-0.0888486736632446,-0.8087590665753237,-0.1426022861414728,1.2882947249418484,0.1024821433298462,-1.131228783608237,21856.38,1
54337,-0.2910500313878764,-0.1505644909053872,0.5210775011353539,-0.1445895461249425,0.0820070700384906,0.1913048159044522,0.522888402525498,0.0329421778707771,0.0712395099335796,0.3972522863492065,-1.2958187187456036,0.2035396346312634,-1.926077711325851,1.8384863653822296,1.5594108501622257,0.2912680271797598,0.655524688234296,0.2097400077347007,-0.1195136023160267,-0.6020717508996888,-0.0286013025474789,0.1540919355523712,-0.1202083429098811,0.1350132196684576,-0.6544703726758193,-0.7667158423360048,-0.3332831486369534,-0.4299492403886927,1021.24,0
57277,0.9908551893509508,-0.3704083357945806,0.7569088427774741,-0.2467576871279948,0.1421034236553969,0.2739987323023568,0.3958695690761247,-0.1382701445301642,0.472795795433972,0.6664452997815857,-0.1152495868062935,1.006355078080875,-0.5829925570188453,1.0917703978534925,0.5050987038117835,0.91425684743515,0.2044395168555557,0.5585133200930765,-0.0978439505483424,-0.3254093527001573,-0.2072288716368063,-0.7600225795843183,0.0791522283476999,-0.1162465292981938,0.373672634986817,-1.7562129354047542,-0.2138243682644884,-0.0566299263384124,19174.57,0
456679,-2.0188620523649807,1.7300782497182945,-1.877461343106609,1.5321591944198498,-2.4288843562450513,-0.4729484000712248,-2.447993680645268,0.011170907198834,-2.4366081606624426,-2.2285316649038913,1.1053569731640436,-1.306790847560474,1.1519601401586783,-0.9670213618184048,0.9364201451290716,-1.6609379397671171,-1.9460735496347443,-2.083002448101913,2.170622154446652,0.1591804106389402,-0.9471707436604928,0.5111763189262611,-0.6562541964872778,1.173888941266827,-1.4641775943728346,0.3082596278565316,-2.6532756498185885,-2.8768033865831932,14961.14,1
465799,-1.7482871169705114,1.4772030008880157,-1.8704250978957937,1.6412115067478406,-2.137329501158165,-2.353629636002497,-1.9282339695377304,2.385787324572594,-1.7801175488720802,-2.081175149459057,1.4706453379325837,-1.6828776345195864,1.2231245532630397,-1.4257575319585445,-0.2977976114179763,-1.816810319369393,-1.9373628128524,-1.9264315310852056,1.5360353666310211,-1.7998190144507402,1.0012529014278215,0.4333284376704349,-0.9159698223535604,1.2506237229870656,-0.313248151679318,0.140334483250991,-2.2835813778753353,-2.3361199467310256,12085.04,1
276490,1.8484374644460857,-0.4412293018141923,0.0162386539376028,-0.527096049679301,0.4071154532209308,0.0798902229339035,0.5182499638904597,-0.2257544566417145,0.7552874482719998,0.6110341502317312,-1.4964132447552922,1.345104527594326,1.5210753054104635,0.6962382254746258,-0.0359736903047816,0.4656945863895261,0.270264123573791,-0.153903872316875,0.082166614372925,-0.2938603586848638,-0.2335239554741194,-0.6699899164536236,0.2210427210485632,-1.2372845855993118,-0.3572074574110001,0.5497172477192411,-0.3059823911483183,-0.2587948187695136,9551.1,0
23517,-0.1371087572764949,-0.3879252983833183,2.4056667727162124,0.5720508120563249,0.4389608365454808,0.6236549099792538,0.2460974889035068,-0.1039317192187371,0.4016897243928133,0.8520061283461762,-1.6638960482358764,1.2911905408847244,0.912706296795791,0.2786591306499592,-1.7506450856207405,-0.0613097306404619,0.7848282382221639,-0.1244317565463538,1.1733310662948493,-0.2058235424423874,-0.2434944427907597,-0.4446105472959476,-0.1060913569017588,0.9658540610411216,-1.245854297328408,-0.1280729756913932,0.0483488172305215,0.2405982038627999,5964.74,0
291353,-0.6268812195609927,0.8636736176230554,-1.1805471390579585,1.051952583268663,-1.0322836685548864,-1.6913600887280318,-1.3747923792116512,0.5895778732032371,-0.9036918680189724,-1.8471299392925844,2.150211804543157,-1.9051021431494937,0.0311365718258387,-1.7455211427495188,0.6247497995806585,-2.0633335566492086,-2.075183118622802,-1.9528556492885003,1.8410532786657363,1.1500880901215789,0.660279131503841,0.415423722999204,0.1782123231330101,-0.1988529062824551,-0.8081388384939742,0.0498096368905336,2.421224031288451,1.8983482551901325,19877.97,1
198139,1.769697165461292,-0.4670579652803796,0.0675378735516009,-0.531153938575389,0.323399970034762,0.1208820366832153,0.4727534481130482,-0.1938187689888366,0.6105307934396287,0.6923506252612427,-0.1713599159964133,2.028467394265812,0.8913812771575014,0.8817436038931997,-0.7385337495449665,0.5234372299158843,0.2525838956850681,0.0510526125004275,0.1879869380448622,-0.3261266369958777,-0.2024183946464009,-0.5394339811001453,0.2690494085734802,-0.6366539762060915,-0.5213777704226734,0.459201128450525,-0.3131362443279368,-0.2749057193341468,5042.26,0
146306,-0.2847708421275611,-1.3052213674448765,0.2087495951682361,-0.5111208450169196,-0.0941080708198481,1.75879626111797,1.4969223335861257,-0.1009701935317156,0.7751868108076472,0.1375427453312578,-1.4361974372654789,0.2112304860512319,-1.4877589742769282,0.9425165506139284,1.903607821471204,-0.5489027748749531,1.3483629260893404,-0.040607320057853,1.6823174033260757,1.5510611912986612,0.2096052635336761,1.4090489008298248,1.4460312050172952,-0.8682414396815143,0.3859378631191055,2.690881474060316,-0.3424284620053142,0.3182059244620605,17184.35,0
322226,-0.8889838398280521,0.0438420567248091,-0.6772375108555662,0.505781785051725,-0.6336182984881567,-0.7873366670487925,-0.8861536863015802,0.4794427632947279,-0.9429703099461288,-1.2923078478586925,1.1754917322037828,-1.1676082754732364,0.092260939444396,-1.280058665901831,-1.6882936020544053,-1.4265343904991634,-1.6195523308026898,-1.4689171482558327,1.0761123719053562,0.4911025449695609,0.3899701324204573,0.0656776585299286,0.5681556863572496,-0.24000423717095,0.5468125819421785,0.5260613513505821,1.645271374336135,-0.2539831264257288,1084.33,1
515913,-1.6288454510202426,0.8977886841836346,-1.6759918514742325,1.9095684049321668,-1.8823611711112809,0.1389561479230951,-1.923222480754578,0.0515534589583255,-1.7841672339975658,-1.8853219697924992,1.81090204180261,-1.64671141455562,1.262344902541744,-1.2846890358507623,0.1608271762189399,-1.7447000677304352,-1.9892438627680584,-2.0298839910162267,1.410890309362118,-0.4813603168961861,-0.5583353799689597,0.9599473113338748,1.0897561181252344,-0.4643233768960181,-1.8383865834411,0.0477701341318474,0.7478076691468029,-4.060726409681118,8470.85,1
339235,-0.2916003032716164,0.2365379309507355,-0.0271790382462749,0.1156298842786924,-0.0876700046521146,-0.1971518546209628,-0.1014804479738437,-0.1808075577317013,-0.3048703977624671,-0.2604593729139802,0.6898841098569821,-0.5115635034438935,-0.7614850856888712,-0.5282700556484791,0.5796460075491284,-0.591214194822362,-0.5720364210741803,-0.2789294320505834,0.595352841887935,0.0189467308454493,0.3572419807442653,0.0599413985718186,-0.0412025438214835,0.4155625347275718,-0.2655235866627194,-0.6633853214588961,-0.1864243021964688,-0.4585423543247564,10135.67,1
237155,0.3245717783791331,-0.481378137570801,0.6307754588337262,-1.1373192765109537,0.3911911237431735,0.68349920754062,0.4208846646611603,-0.1033332031039083,0.0009590096145635,0.8331994436590378,-0.6649155648580066,1.0629179941221034,0.8439886590059037,0.6472841505240413,-1.1081954785779695,0.1982315649912673,0.078566733807369,2.2012803602826887,-1.905461737646956,-0.7911933695788329,-0.1766127588937753,-0.1460586779999584,0.5896780147974557,0.2300156621137789,-3.4435460490137446,-3.916332340854823,0.2968544116796627,0.8293477647372046,23936.72,0
12305,0.9802986154794748,-0.5477612747894941,1.0988196175604106,-0.9186044806352404,-0.059032794691688,0.3032376799353193,0.2185601274011611,-0.1519134406060688,3.01867893699579,0.0909114974210014,-0.1965856223512186,-0.0269543824423234,2.0202658762766688,1.6217774460741097,0.8506447212262446,0.0797965792124971,0.7676281243751039,0.2984971811471025,-0.2239975345525054,-0.3247013684334692,-0.1535899511766651,0.1103997109866815,-0.0319324092122262,0.127253988384821,0.6003061575641434,-1.7854183501671506,-0.1407813199763495,-0.0321808197887166,14462.13,0
560613,-0.6355108664341814,0.6517961682200274,-0.779094863165126,0.8171692124068214,-0.5111824683504006,-0.5325375580453107,-0.6138858953022281,0.1983372266565288,-0.4589467965366574,-1.2265508190330314,1.5086349589313146,-1.333687303567231,1.4719433239519617,-1.4547163004952377,-0.187253301321691,-1.4085770268216604,-1.016080920295214,-0.7062921852559818,2.2176726757181715,0.8021013227335797,0.3177329673176605,0.6496685535297544,-0.5509275379116325,-0.5656700025547672,0.3622323836772715,0.1467919347189011,0.7131712523815131,0.9423716423814454,20813.22,1
540642,-0.0345323531907061,0.8033979173259886,-0.9065408908165744,1.3323653354491618,0.472820324411061,-1.4684758378067573,-0.2064119788952913,0.0096723290161237,-1.008085266916556,-1.019494331943964,1.7008065264818717,-1.39189756537408,-0.252961731393528,-1.44065585746251,-1.40140463743056,-0.5148117533522956,-0.2606472935137214,0.3967390520055618,-1.4345143237894675,0.4339597791164817,0.116770836345064,-0.5141416837297474,-0.5860379085840691,-0.4516479499608992,2.450844398308376,1.0839987813823369,0.8393544972648239,1.1826874439601542,8969.77,1
180213,-0.4184497519946357,-0.8716586493470061,0.252140103815681,-1.7350508498156092,1.3522111563427268,0.943286675901976,0.4033683953172823,-0.113470203000819,0.1050010523990853,0.957283300469614,-0.32859381281682,1.100130323961437,0.7274504462802402,0.7093068522002646,-0.2128404844163079,-0.3468876588689612,0.3497238440548831,0.8697400632639062,-2.1935366415110633,-1.4853706247955831,-0.1290582670149838,0.9875045060277428,-0.3642703009685035,-1.450750755771255,-0.6220626511653432,-0.345160722664799,-0.1277488432503656,1.264066728156391,11021.82,0
561240,-0.927193499807639,1.6240376168931587,-1.459580850186762,1.7696966305243504,-0.601347290929947,-1.5895265636302676,-1.261922864379735,0.9220886326499904,-1.901762779006841,-1.8922334179928229,2.3918402119175752,-1.9243590293184611,-0.066280439724579,-2.024375709043336,-1.2567540668388124,-1.7421997940954277,-1.6366359594918427,-1.5445164218417968,-0.5065195535118497,1.1303765826332155,0.5881778496986488,-0.2138165699099069,-0.2555044068870127,-1.9281572581135271,1.7726389977283254,1.2806006697435783,2.12117641341044,1.8363004960605829,7238.5,1
523187,0.9421660973504352,-0.0435691107220328,0.0005321791888259,0.1395391833786892,0.6723506078885144,-0.1152569930485844,0.5771785493064602,-0.1735890017778822,0.474862694569377,-0.0796889113230354,-0.0590753015634963,0.6478343835050877,0.5092677529978477,-0.6322821536417751,0.3150733581694816,1.0837932397426813,2.6133144814556464,1.2007753498990974,-1.2358383163158522,-0.1707785275160337,-0.2523706378935357,-0.6658325244308988,-0.164149365236225,-0.4638294375971006,1.083102964354722,-0.7493461039445523,-0.1139553443999252,0.2026570600657352,3161.91,1
141454,-0.3968959664839096,0.2079900468769967,0.5633560179507965,-0.2902467492456154,-0.0300620095752299,0.0720799053524772,0.5290406215072189,-0.0834235099856079,0.2527667727772865,0.7278837244071191,-1.110619142773554,0.8087944076954343,0.4544590301286001,1.0898502156124277,1.152407527613992,0.360126039906994,0.4633336013094465,0.3765769187933532,0.1581700628506635,-0.5801188352436113,0.0472181694410437,0.4344889668347035,-0.0496462644123733,0.8591993754367324,-0.5766944607165562,-1.0949413708183895,-1.4494299637789465,0.0120255421460474,16620.63,0
361634,-1.858883273391138,1.703521138912803,-1.7822797473485734,1.6202239471072917,-2.2381891336778934,-1.7225276517408656,-1.9724727085337788,2.767701184867851,-1.843257963733312,-1.7384346259951116,1.320491004208213,-1.4852826817937068,1.8825708000878896,-1.1282096601802822,0.0604546093669509,-1.7048255274792468,-1.9534850681429463,-1.9535535047003445,1.7028554439331476,-0.7064511698042241,0.8395533932551991,-0.2724246866959843,-0.935380358928708,1.1040492013902707,0.3156643833934737,-0.0041984874611143,-1.1544370332062792,-1.458339193732923,5405.1,1
99075,0.8575120178319736,-0.887455966473072,1.1673931618147655,-0.9278112592020976,-0.2991840493791871,0.2376847008415399,0.1292838298268103,-0.1343925298450979,0.1621839319360427,0.935959124857283,0.1255859051887104,0.7019786101827088,0.2727984497338853,0.5749412530045259,0.5427654638829593,2.0670002490413766,0.3918052852893473,0.0753308885935128,0.1153402373527626,0.2213383235777973,0.0751609366318591,0.8242694386840023,-0.1642711081607805,1.2137977860871318,0.2138839177827802,-0.452044398274952,-0.2203958068957504,0.0137571501170835,16384.63,0
500648,-0.3415899973484581,0.0902824315558863,-0.9170593080659388,1.405440096814272,1.433195888151294,-1.4546261701929577,0.010693984979188,-0.0075143409972382,-0.9756605716771368,-0.3927498866436352,1.193374126012783,-0.7145258270323015,-0.7963745083041749,-1.3298893862577763,0.1839172701663481,0.1608380214383786,0.7432907155118837,1.526620989449726,-0.5379589427656497,-0.4196077225718716,-0.017868539698005,0.1953533694840873,1.717803395415865,-0.964268093310358,-0.8669271452230958,0.8397788951499875,0.3822857771503489,0.9842635366073468,12146.98,1
526738,-0.948288913477746,1.1840692061314473,-1.2407537537529498,1.449987743714238,-1.5561696146067208,-1.0266287930367377,-1.3472594092935937,0.834801363983448,-1.5942320064198978,-1.8023920390994477,1.7816164741285443,-1.8337822024887889,0.2775146304346243,-1.6718321175880069,0.7062408305918515,-2.1098305880463935,-2.192240771937904,-2.1126758435935113,2.6607143299480067,0.666891573584265,0.7663521537008755,0.7511526615585933,0.2763236927178908,1.131097130935727,-0.0541887032924389,0.7332914998797131,1.262000091668389,1.3572400321255846,17333.55,1
172627,1.862202483536312,-0.8842443644137332,0.1478371491458365,-1.2380146948915072,0.0096896583699198,0.606522286591554,0.0985454769628851,-0.1167114750445571,0.5038449211351748,1.0579926296326816,-0.511839818937335,0.3797201283190883,-0.3975505353307783,0.6047864283310411,-0.4219973416332613,1.889115991105104,0.3400618065855617,0.1230215401041445,0.5842359671327217,-0.1234459209035701,0.0289573658001091,0.8209720501820149,0.0422076737770096,0.2489392666757908,-0.2635499541277476,-0.2250800069245718,-0.2481327826955082,-0.2311901504670987,15172.04,0
482566,-0.4717318825561923,0.1915647031343894,-0.0506351520631155,0.3201014803860654,-0.1878241788082648,0.3456541456056217,0.2765416342708544,-0.117130581409987,-0.0014614584698924,-0.2184129195255661,0.481484111777701,-0.9857222311046274,0.0786104424323719,-0.2942574604858593,-0.6733330506959714,-0.620899023226786,-0.684469051164635,-0.8103544840421874,-0.5840116263807568,-0.2879308889107828,-0.0996758169378626,-0.6497033124118542,0.1155149301972512,-0.443537005964256,-0.202175428101208,-1.080395993737224,0.1261861125937813,-0.1525347529726249,7058.35,1
41869,0.1421518062617313,-0.2341200776829454,1.202933371794257,-0.1451357954529775,0.2624696579612554,-0.0617951849752508,0.5982377290750341,-0.1619921552237153,0.3063623051322328,0.5856181950004457,-1.150072521243383,0.1217535876612396,-1.699092130024891,1.1542785676913816,1.750965940935863,0.2931603226460507,0.4492911048432956,0.5641157773868691,0.3521405710689597,-0.187552554543134,-0.0558482243755561,0.1837415396291626,-0.1064609590338915,0.7440461583650548,-0.2080328602488927,-0.5750830960228425,-0.1775142481081547,-0.0162384879103207,13496.46,0
297973,-2.1105103057632024,2.102199808360857,-1.939533789001917,1.4784183648820413,-2.4032714996946716,-0.7429572575132414,-2.620556783630757,-0.340607332640011,-2.5261129218535348,-2.452633070755572,1.12362556543235,-1.4402298987844742,0.6784983044915301,-1.0471555368487984,-0.9827200777246228,-1.566040336311454,-1.945415051313323,-2.0523499580892195,0.4799821858253959,0.7197732283122097,-1.3533368225889115,0.7267300318021678,0.015088601861615,1.0330111290540973,-1.133853425290233,-0.3471936882183484,-2.984940195602439,-2.277876182494994,8480.12,1
470157,-0.4604747480696305,0.2888205849945146,-0.667572947944659,0.8511142898290822,-0.5109642217652623,-0.7237088984889449,-0.7766784635446473,0.2400401072435653,-1.0861287579019308,-1.1408104057908506,1.1296557132069434,-1.2137302068930165,0.8092781137285248,-1.379192572061178,-0.4177026701763783,-1.3262713668717163,-1.5545718647155446,-1.393468169096238,0.4082529108303106,0.7655181543592484,0.360617100390519,0.0302138790347159,-0.035197823601467,-0.331585868783719,1.3496230439168586,0.610040635977605,1.7416321196919822,0.8932807823273073,17847.24,1
235830,1.648366474389305,-0.7547248684332893,-0.1718484921976457,-1.364012790683382,0.1614378692717496,-0.6490500477016794,0.6461595571954342,-0.2624676525609046,1.778005968144159,0.2776939349339341,-1.4044570773089973,0.5793599334484593,-1.6100184864256577,1.2586710898324591,0.4541561481760983,-0.0948029554526764,0.5056066604168702,0.1059118330195881,0.6693204074639779,-0.2363643029257304,-0.0846526614705702,0.0486074155182544,-0.1251079537578481,-0.1162454066634072,0.4286541617798282,-0.2954090453188169,-0.3196588154850063,-0.2352878636813153,15578.89,0
174365,1.604062974122926,-0.6284882040300764,0.2795959086979987,-0.555907241950634,0.0953657002384932,0.4382788143678935,0.2766856233173962,-0.1324745146879184,0.9480748383415344,0.653182047020821,-0.0956519398065108,1.8406776258204451,0.5748334413354022,0.7309947072043533,-0.2462232179949848,0.9071837067306672,0.2176578502977701,0.2971911538224813,-0.0172515146958667,-0.1816557952231022,-0.1754474781428645,-0.5570463485631858,0.4122944843035762,1.664465713615237,-1.1297764942254922,0.3915001446004361,-0.2998548911342538,-0.1880224013448018,12538.13,0
433086,-0.8696891857480011,0.511417754000379,-0.4687286783454146,-0.5250902564947305,-0.1064221137513088,1.2199785695122127,-0.2497313804620161,-1.657444108596478,1.3989371518669973,-0.4036835029555639,0.730863443728937,-0.7197928666614166,0.936807473042782,-0.4644744144282927,-1.0329623959785217,-0.2118021839017039,-0.0707670717903885,0.658568629117619,0.1048938614880713,-3.0499653099110975,2.5153757101671985,-2.1766356443017023,1.0470734313875074,-0.2732627124519976,0.7719201238106774,-1.2318408518526496,0.9283513072851944,1.149849175669859,8461.05,1
279295,-0.1788652941241621,-2.740813547445101,-0.3829136557190908,-0.0487690669012134,-0.2583569543168535,-0.0313112961062404,1.614962146695065,-0.3275956511329045,0.8746096156107074,0.2880930653668209,-1.2217591062736313,0.7467077890461075,-0.3474736703460337,1.3416818654601486,0.3811641748447607,0.3256698724575773,0.4018739734495106,0.1389422654314646,-0.4172808876293136,2.667326703281719,0.218626937471473,-1.0238698991517805,-1.1993231969986566,0.2283313213088501,-1.005691188120382,-0.5875545264913591,-0.6233354345648501,0.4276349755904605,14943.72,0
444229,-0.241901720779413,-0.4406771218526663,-0.0275492027561069,0.5336716183513669,-0.2437987540427434,1.874901734648686,3.1887621679097355,-0.5729098303219868,-0.2198995258035505,1.1421454605481751,-0.2824312111683875,0.0219136034381223,0.0305297984935366,0.0401328569369676,-1.3518436802771912,0.9012343753859584,-0.0744469844837362,0.1469818331668372,-0.7444207624559026,-1.2392741558463995,-0.4885091114754396,0.051890842329217,0.7309929585677738,0.254873453734884,-0.4071284362369038,-0.593717633257008,-0.4652614424980286,-3.0064665724892143,4593.42,1
107954,1.0907889080755904,-0.3109309224863515,0.4669226465975063,-0.4132236782931635,0.301741429157923,0.1329262775235062,0.4808584048283577,-0.1988809931787813,0.4595011694955546,0.4746465051941523,-1.0612190226710472,0.9820663858266324,1.453702071029262,0.4538413442486517,1.2336920068215376,0.9634542446265264,0.3288392312176263,0.2233337438730409,-0.1195112420218166,-0.1553067233766354,-0.2387172289503841,-0.8267102279972735,-0.0097245595900527,-0.8168774460374455,0.514849107820135,0.335564590517888,-0.2576827638130818,-0.0416719799427977,2175.4,0
431618,0.2852994784861721,0.3029640443794418,-0.6042107671804932,1.146895806417919,-0.0776647214293501,-0.0472267098119137,-0.2960748197939287,0.0744659038767286,-0.9951939425861164,-0.0867043069306632,0.2002482901572976,-0.9209888751232568,-1.0960438640346335,-0.4943456387023389,-0.0435831803206568,-1.007674867040662,-0.944291874678756,-0.9681190214556642,0.9808237435015634,0.2128571785741947,0.291484643412227,0.8289799160545245,0.0009732340261723,0.9276033544903518,-0.0920075874829447,1.1848587806060835,0.2932868771405679,0.0686460743202244,13901.33,1
356280,-0.260677810229128,0.1950619769476842,-0.0983250539748217,0.1541747743534519,-0.0989552945661829,-0.1855323573275103,-0.1405803882584125,0.0696781785792167,-0.410829061030695,-0.3505274920660115,0.5800033432508327,-0.5607215459930299,-1.2190488993232984,-0.4536267483724682,0.5745485296257778,-0.5115708288549708,-0.5744728519971745,-0.0838695421814116,0.8123491347146858,0.0580367702118744,0.1546291718945675,0.138936019476426,-0.0817191900339542,-0.2611409033113625,-0.1221229708495763,-0.6880080832205784,0.206546924325136,0.3798600954570969,17151.65,1
416927,-0.7096801895074804,0.3769876821390499,-0.4420378720466959,-0.0713223252129269,-0.2820775533238972,-0.6891644729650108,-0.3265469193151568,-0.4753857182939136,0.2945517980172157,-0.4314529182329557,0.8115555114686062,-1.0288816940665224,-0.9611916101979312,-1.2102072390352554,1.0499865956723702,-0.9419595702691992,-1.0441996119410095,-0.9490388417085832,-0.0919693217546783,0.2435427893991315,0.5660063379765774,-0.7323865309621643,-0.2823477422913359,0.4218897951539125,-0.2064591277042241,0.5065799303272437,-0.7589754537308174,-1.339583080596252,11501.76,1
133152,-0.1204982039956461,-0.0985397930940672,0.992275000796932,-0.7406349566161636,0.4745414864920622,0.280188489316463,0.6583275839175509,-0.1398077647905951,0.2580201951902791,0.6284201641037792,-0.1013349434735479,1.1807643754045372,0.8369361184348861,0.466384430102554,0.2034167855670807,1.011258711447932,0.278270964434647,0.6800892580000645,0.1583128879565933,0.0913764497000352,-0.2190459747094559,-0.6241073136791253,0.0519151169504086,-0.6803024877036479,-0.070931582559567,0.2272885941850704,0.0344803799307761,0.280135019981205,15884.01,0
82209,1.0935938321666958,-0.8053556227089892,0.172038284726786,-2.088187481579681,0.1377987038187052,0.294469091904321,0.395920723980242,-0.2084343257671585,0.4058422953842517,0.5161201196789749,-0.5094121005407378,1.98105745627612,1.7934168898884613,0.6931846163634446,-0.2063528633917587,-0.3570340747062624,0.3383844829156492,1.856486947836808,0.6294649316135088,-0.3457906183995089,-0.2540368915229543,-0.5023684581719878,-0.386621508414037,-1.5680363903321544,1.4031851301412244,0.3088114191802043,-0.23843215133332,-0.0946338371732099,6949.23,0
10922,1.0911891207272064,-0.3173005007938623,0.5145584406475888,-0.3263936367415334,0.2692754490411748,0.1409614372734457,0.4065874447199035,-0.1938274236320323,1.588610937729469,0.3609250830459646,-0.6107386008778561,-0.4040209714808652,1.3016331782763622,1.6294658101712431,0.5460459515266403,1.011797790470462,0.6101322135825635,0.5649274585703631,-0.283088170002764,-0.3159821639693139,-0.3101384688919806,-1.1006468162673655,0.0239278936577687,-0.9769260969002804,0.3743612111796186,0.262917038821203,-0.3011587003152517,-0.0658518627610248,4302.8,0
250400,1.8105284153476235,-0.4486192138288997,0.0292522658452512,-0.4608200647524487,0.2313146017495623,-0.3738939056680079,0.522454931028311,-0.240472313872815,0.9056657144581526,0.6067896715229871,-1.114647560846196,0.7643009254543466,-0.0230477311777418,1.0274175957051557,0.8600194929282893,0.3451038358642188,0.2941409655433726,0.2855304273270641,-0.4186074216509844,-0.4274166026812299,-0.0064911195786081,0.7961423566826205,-0.0214490664102385,0.1900628651401219,0.346737547696424,-0.2446844610975877,-0.2614196607743901,-0.2423448940351023,11848.35,0
91704,-0.2557980623311556,-0.6473677434378813,1.8217258794877111,-2.1026242311524506,-0.1522380442637563,0.0653706982435913,0.1040683380105371,-0.0279820894544661,-0.6673943728854879,0.9735138861395798,-0.2219258593557387,0.2689683957749113,-0.057089197850276,0.6858697927498201,-0.4044064026371785,0.6828464993529724,0.4851875772948592,1.1381577581698874,-0.721915959203948,-0.618432743075178,-0.0649145654670045,0.2336541982331201,-0.3859620026339336,0.6817808179621012,0.3776729729051145,-0.4786507841417483,-0.405475214061037,-0.3031450132848575,18297.63,0
296538,1.098784901404464,-0.5243451118474938,0.2288760116836913,-0.8441066010702754,0.162352140115805,0.0990279984999218,0.2977104053929084,-0.1450764400970793,0.3517435463018908,0.5398650811347304,-0.1861906744747683,0.3786382928096728,-0.4891481054140654,0.1320125147559033,-0.1054518760779669,1.7192778742500092,0.7983803260210394,0.4077128181310476,-0.2428197742503391,-0.1721125195332088,-0.025462057847746,0.4490529919289847,0.0261262573360135,1.043507232141565,-0.0817947358096324,-0.5821056822956426,-0.2354365875328201,-0.130849110463926,13172.54,1
233045,1.804024188233944,-0.4674033727745765,-0.0170178924776362,-0.5611697132913912,0.3530438354447604,0.0109353337369682,0.4817327763035892,-0.2023696302227669,0.7408253609948225,0.6816319726435203,-0.3029967333428254,1.258794198839814,0.0461214387467076,1.1401228736568074,0.0505188441102788,0.543257925071665,0.1831400497522228,0.7682552058737843,-0.0128146787108189,-0.3975522479437824,0.001248951548098,0.8260136481022526,-0.0940696322624083,-0.7777242580107404,0.4093433203784028,-0.2147988106039654,-0.2656779204499585,-0.2790962363204152,7095.05,0
